날짜,두바이 디저트,아인슈페너,타르트,휘낭시에,티라미수
2023-11-01,0.0107,1.09456,1.16641,1.5226,0.40281
2023-11-02,0.01452,1.31776,1.14501,1.63802,0.38294
2023-11-03,0.01299,1.18781,1.10603,1.62732,0.37071
2023-11-04,0.01222,1.45075,0.98908,1.47674,0.33861
2023-11-05,0.01146,1.39419,1.05558,1.53866,0.40969
2023-11-06,0.01987,0.97685,1.05405,1.67624,0.35313
2023-11-07,0.0191,1.07163,1.0594,1.80313,0.36001
2023-11-08,0.01375,1.10603,1.18705,1.83982,0.33249
2023-11-09,0.01758,1.43088,1.12437,2.01485,0.32791
2023-11-10,0.00993,1.09685,1.06628,2.39856,0.29657
2023-11-11,0.01146,1.16871,1.0036,2.1876,0.35925
2023-11-12,0.0084,1.2031,1.04411,1.73816,0.3516
2023-11-13,0.01834,0.93022,1.01965,2.09053,0.386
2023-11-14,0.01528,0.96921,1.13431,1.7351,0.34014
2023-11-15,0.01375,1.04106,1.0915,1.54019,0.3409
2023-11-16,0.0191,1.23826,1.03341,1.40184,0.41504
2023-11-17,0.01375,1.03418,1.10144,1.50732,0.39288
2023-11-18,0.02063,1.13049,1.0166,1.43012,0.40434
2023-11-19,0.00764,1.16106,1.00131,1.27954,0.44868
2023-11-20,0.01758,0.99367,1.07622,1.62656,0.39517
2023-11-21,0.02445,1.01354,1.14577,1.43776,0.3753
2023-11-22,0.01987,1.01736,1.1259,1.50961,0.37453
2023-11-23,0.02904,1.31241,1.16641,1.44464,0.37148
2023-11-24,0.01605,1.03723,1.12284,1.40413,0.37835
2023-11-25,0.01299,1.20769,1.26578,1.36209,0.40205
2023-11-26,0.01758,1.21762,1.51802,1.32769,0.45097
2023-11-27,0.01987,0.8813,1.16106,1.31164,0.38523
2023-11-28,0.02751,1.0059,1.25661,1.38578,0.43568
2023-11-29,0.01375,0.95315,1.13354,1.35521,0.37759
2023-11-30,0.01299,1.16259,1.14348,1.3789,0.38065
2023-12-01,0.00917,0.98144,1.23979,1.32846,0.35619
2023-12-02,0.00917,1.24973,1.35903,1.22527,0.38906
2023-12-03,0.00764,1.30323,1.37508,1.22833,0.43645
2023-12-04,0.02293,0.93634,1.32846,1.21533,0.37988
2023-12-05,0.01452,1.02883,1.81001,1.27954,0.39823
2023-12-06,0.01146,1.0059,1.27342,1.3361,0.37606
2023-12-07,0.0191,1.31164,1.43241,1.40336,0.42116
2023-12-08,0.00917,1.06781,1.21686,1.33075,0.42804
2023-12-09,0.01146,1.27266,1.3598,1.2245,0.39593
2023-12-10,0.01528,1.32081,1.39878,1.27724,0.38141
2023-12-11,0.0191,0.90882,1.23291,1.42094,0.43262
2023-12-12,0.0214,1.03036,1.49967,1.37432,0.44027
2023-12-13,0.01222,1.07316,1.41865,1.36591,0.41581
2023-12-14,0.01146,1.44235,1.36209,1.40948,0.4074
2023-12-15,0.02063,1.08845,1.28642,1.39649,0.41275
2023-12-16,0.0107,1.20463,1.43852,1.27419,0.40358
2023-12-17,0.01375,1.46146,1.45458,1.26272,0.43874
2023-12-18,0.02369,0.8622,1.35521,1.3361,0.38906
2023-12-19,0.0214,0.98984,1.31011,1.51496,0.42269
2023-12-20,0.01605,0.95468,1.25814,1.41559,0.43645
2023-12-21,0.01605,1.2138,1.37203,1.46834,0.49836
2023-12-22,0.00764,0.94857,1.32769,1.3682,0.47543
2023-12-23,0.01452,1.04411,1.56388,1.33534,0.54269
2023-12-24,0.01222,1.3147,1.70147,1.52184,0.68869
2023-12-25,0.00917,1.3361,1.5249,1.27801,0.59161
2023-12-26,0.01452,1.04182,1.21686,1.2375,0.42116
2023-12-27,0.01605,0.99596,1.24896,1.28336,0.41046
2023-12-28,0.01605,1.32158,1.11826,1.37814,0.42192
2023-12-29,0.01452,1.11979,1.12972,1.2933,0.39593
2023-12-30,0.00917,1.17635,1.11596,1.20539,0.45555
2023-12-31,0.00687,1.30018,1.33304,1.08615,0.506
2024-01-01,0.00917,1.2803,1.06169,1.16488,0.40511
2024-01-02,0.01834,0.80487,1.1259,1.25584,0.33249
2024-01-03,0.01758,0.92411,1.12667,1.37967,0.36536
2024-01-04,0.02216,1.23138,1.19622,1.35521,0.36918
2024-01-05,0.0107,1.06552,1.15112,1.35521,0.37453
2024-01-06,0.01375,1.31393,1.61586,1.2933,0.40434
2024-01-07,0.00764,1.31317,1.36285,1.26807,0.37759
2024-01-08,0.01528,0.89659,1.06322,1.25355,0.36383
2024-01-09,0.01528,1.03341,1.16947,1.32846,0.36077
2024-01-10,0.01452,1.07927,1.13125,1.38043,0.36995
2024-01-11,0.01222,1.29865,1.14501,1.39725,0.32714
2024-01-12,0.0214,1.12667,1.14425,1.31546,0.34472
2024-01-13,0.01299,1.42553,1.24438,1.21839,0.44333
2024-01-14,0.01452,1.47063,1.20922,1.26654,0.45555
2024-01-15,0.00917,0.96691,1.16412,1.23138,0.34854
2024-01-16,0.01528,0.97761,1.171,1.30705,0.34014
2024-01-17,0.00993,1.06628,1.21839,1.32387,0.37759
2024-01-18,0.01299,1.37432,1.20845,1.42859,0.38141
2024-01-19,0.01987,1.13125,1.2375,1.47063,0.34625
2024-01-20,0.00917,1.27495,1.14272,1.32999,0.39976
2024-01-21,0.01375,1.41559,1.27266,1.33304,0.40358
2024-01-22,0.0107,0.97226,1.14501,1.42018,0.34243
2024-01-23,0.02675,0.96615,1.10908,1.38349,0.42651
2024-01-24,0.00917,1.08921,1.11214,1.45075,0.36077
2024-01-25,0.01987,1.21915,1.16794,1.46757,0.34319
2024-01-26,0.0214,1.05787,1.14195,1.4584,0.38523
2024-01-27,0.02675,1.29253,1.16412,1.45687,0.39976
2024-01-28,0.0191,1.55394,1.15953,1.36591,0.40358
2024-01-29,0.00993,0.96156,1.15418,1.50273,0.35542
2024-01-30,0.01605,1.02883,1.17176,1.51802,0.519
2024-01-31,0.0214,1.15112,1.02348,1.48133,0.38906
2024-02-01,0.02063,1.30094,1.15112,1.63802,0.37453
2024-02-02,0.01299,1.0808,1.12819,1.53942,0.37912
2024-02-03,0.01758,1.16641,1.22297,1.43165,0.36995
2024-02-04,0.0191,1.26119,1.19546,1.54248,0.64894
2024-02-05,0.01528,0.86678,1.09762,1.54248,0.373
2024-02-06,0.02675,0.85608,1.07163,1.59828,0.37224
2024-02-07,0.02522,0.95851,1.03647,1.58299,0.34854
2024-02-08,0.0214,1.24361,1.05252,1.58987,0.32332
2024-02-09,0.01375,1.21304,0.98067,1.40031,0.36995
2024-02-10,0.01758,1.34069,0.93787,1.25814,0.37988
2024-02-11,0.02828,1.47139,0.98602,1.31776,0.39441
2024-02-12,0.02063,1.37355,1.12896,1.32005,0.45173
2024-02-13,0.02981,0.90729,1.06628,1.49891,0.42345
2024-02-14,0.03286,0.98144,1.10985,1.81001,0.43492
2024-02-15,0.02522,1.15036,1.07622,1.5035,0.37988
2024-02-16,0.02369,1.04106,1.01354,1.40566,0.40129
2024-02-17,0.03286,1.31623,1.02883,1.28565,0.55186
2024-02-18,0.0191,1.1924,1.09685,1.27342,0.54728
2024-02-19,0.0428,0.8836,1.10221,1.38043,0.45326
2024-02-20,0.03057,0.91723,1.02883,1.49662,0.39058
2024-02-21,0.04127,1.02042,1.29177,1.36515,0.44791
2024-02-22,0.02981,1.30247,1.08921,1.40871,0.40052
2024-02-23,0.03133,1.05864,1.40871,1.7909,0.38218
2024-02-24,0.02828,1.28795,1.35521,1.59598,0.42498
2024-02-25,0.01452,1.27266,1.21686,1.30705,0.39593
2024-02-26,0.02828,0.94016,1.07775,1.43165,0.38141
2024-02-27,0.02828,0.96233,1.13125,1.58528,0.35925
2024-02-28,0.02063,1.0059,1.14425,1.60898,0.31262
2024-02-29,0.01987,1.23979,0.9822,1.39572,0.32791
2024-03-01,0.0321,1.31928,1.02424,1.25737,0.39593
2024-03-02,0.22548,1.29024,1.05558,1.31011,0.4181
2024-03-03,0.1414,1.12972,1.0594,1.64872,0.38523
2024-03-04,0.04662,0.80105,0.91341,1.22909,0.30345
2024-03-05,0.03516,0.8622,0.99978,1.38731,0.3195
2024-03-06,0.04203,0.98067,1.03341,1.39878,0.31644
2024-03-07,0.02981,0.96691,1.02577,1.44158,0.3088
2024-03-08,0.0214,0.99367,1.11673,1.51114,0.30574
2024-03-09,0.01987,1.24132,1.36209,2.73412,0.40587
2024-03-10,0.02522,1.28795,1.18246,1.52566,0.386
2024-03-11,0.05809,0.89506,1.16259,1.53866,0.3065
2024-03-12,0.0749,0.92182,1.18781,1.57993,0.28969
2024-03-13,0.04203,1.01278,1.17253,1.65484,0.33631
2024-03-14,0.02828,0.97532,1.35674,1.94683,0.34778
2024-03-15,0.01758,1.05252,1.15953,1.5142,0.32561
2024-03-16,0.01987,1.23903,1.07698,1.44846,0.33479
2024-03-17,0.01605,1.26272,1.64108,1.37508,0.37453
2024-03-18,0.01528,0.88895,1.07927,1.32846,0.32179
2024-03-19,0.02216,0.86296,1.17482,1.3919,0.33173
2024-03-20,0.03592,0.86067,1.1259,1.5356,0.30268
2024-03-21,0.01987,0.96156,1.17711,1.49967,0.29963
2024-03-22,0.0191,0.92334,1.16412,1.49738,0.3409
2024-03-23,0.02216,1.16947,1.0594,1.4133,0.38294
2024-03-24,0.02675,1.09762,1.30629,1.27419,0.33479
2024-03-25,0.0214,0.81404,1.06399,1.37738,0.30956
2024-03-26,0.02063,0.8599,1.08998,1.40795,0.3967
2024-03-27,0.01222,0.90806,1.12514,1.45458,0.29733
2024-03-28,0.00687,0.9264,1.11138,1.38502,0.3195
2024-03-29,0.02216,0.93252,1.06093,1.39572,0.29963
2024-03-30,0.02063,1.16794,1.02042,1.25737,0.31797
2024-03-31,0.01222,1.10297,1.025,1.28489,0.39746
2024-04-01,0.0214,0.81481,0.96921,1.2375,0.31568
2024-04-02,0.0107,0.88207,1.01736,1.3575,0.3065
2024-04-03,0.02216,0.86449,1.06857,1.31852,0.31568
2024-04-04,0.02751,0.90959,1.05176,1.3682,0.31797
2024-04-05,0.0191,1.00513,1.0487,1.31393,0.32561
2024-04-06,0.0191,1.18246,1.05329,1.30858,0.34396
2024-04-07,0.02063,1.13584,1.01583,1.24743,0.32944
2024-04-08,0.02598,0.88054,1.03341,1.25661,0.27746
2024-04-09,0.02904,1.0059,1.05099,1.36973,0.29427
2024-04-10,0.02063,1.25355,0.98679,1.2803,0.31873
2024-04-11,0.01758,0.8943,1.07698,1.33228,0.26294
2024-04-12,0.01375,1.18629,1.10679,1.32158,0.28357
2024-04-13,0.01452,1.34374,0.89812,1.18934,0.31033
2024-04-14,0.01681,1.2268,0.92029,1.10373,0.33402
2024-04-15,0.01528,0.8943,0.96386,1.20081,0.26981
2024-04-16,0.29045,0.95086,1.15495,1.32234,0.26676
2024-04-17,0.03133,0.95392,1.06628,1.34145,0.26064
2024-04-18,0.02293,1.01507,1.05482,1.31241,0.27899
2024-04-19,0.01758,0.98449,1.01278,1.34604,0.28052
2024-04-20,0.02445,1.22833,1.19775,1.32234,0.29427
2024-04-21,0.02216,1.20081,1.29788,1.2589,0.34243
2024-04-22,0.01758,0.81481,1.04029,1.28565,0.25911
2024-04-23,0.0214,0.9478,1.13125,1.47445,0.30345
2024-04-24,0.03745,0.87748,1.06399,1.33916,0.24765
2024-04-25,0.0191,0.90118,1.04182,1.41101,0.27822
2024-04-26,0.03821,0.96921,1.03112,1.3789,0.25071
2024-04-27,0.02828,1.10756,1.0059,1.20387,0.25988
2024-04-28,0.03516,1.08845,0.97532,1.17023,0.27669
2024-04-29,0.03745,0.86372,1.07622,1.21992,0.28892
2024-04-30,0.02522,0.94475,1.00972,1.25584,0.25147
2024-05-01,0.0191,1.15953,0.97761,1.2826,0.25835
2024-05-02,0.02751,0.88436,1.02195,1.30858,0.24765
2024-05-03,0.02063,0.86984,0.94169,1.24514,0.28052
2024-05-04,0.01681,1.06934,0.8813,1.14807,0.25223
2024-05-05,0.49148,1.20234,0.96921,1.23291,0.34166
2024-05-06,1.95982,1.1259,1.06246,1.25584,0.31491
2024-05-07,2.77234,0.75748,1.08768,1.27724,0.27746
2024-05-08,2.02938,0.80258,1.09685,1.44617,0.31491
2024-05-09,1.54095,0.81328,1.06628,1.41942,0.29886
2024-05-10,1.52643,0.93099,0.99519,1.33304,0.28128
2024-05-11,2.30608,0.95698,0.99214,1.23826,0.31109
2024-05-12,2.69896,1.04259,1.03036,1.31928,0.32791
2024-05-13,2.63093,0.74907,1.13202,1.52948,0.25682
2024-05-14,3.08573,1.0938,1.17711,1.56235,0.26141
2024-05-15,6.55517,1.31776,1.08539,1.43394,0.2744
2024-05-16,6.83339,0.83544,1.06552,1.39649,0.3065
2024-05-17,7.97306,0.94169,0.96615,1.40719,0.2744
2024-05-18,10.78591,1.17788,0.90882,1.30476,0.25071
2024-05-19,12.61809,1.2031,0.96538,1.22833,0.31185
2024-05-20,10.8012,0.79493,0.97838,1.39496,0.24077
2024-05-21,10.205,0.82551,1.03265,1.31393,0.30421
2024-05-22,10.3464,0.88666,1.04641,1.34298,0.31644
2024-05-23,10.61087,0.90882,1.0273,1.30018,0.32867
2024-05-24,10.34029,0.86678,1.00437,1.38426,0.25911
2024-05-25,12.01806,0.96768,0.89736,1.22068,0.27287
2024-05-26,13.57278,1.03341,1.02195,1.16641,0.29351
2024-05-27,11.5434,0.81098,1.02118,1.29024,0.26981
2024-05-28,12.1266,0.86678,1.08768,1.3361,0.27134
2024-05-29,12.67083,0.87672,1.0059,1.40107,0.28052
2024-05-30,13.37251,0.85608,0.95774,1.42859,0.27669
2024-05-31,13.05148,0.94016,0.99978,1.37738,0.29427
2024-06-01,17.25853,1.01813,0.91799,1.28412,0.33479
2024-06-02,24.2341,1.04411,0.89659,1.18323,0.31644
2024-06-03,26.29941,0.74219,0.97379,1.2482,0.30115
2024-06-04,25.79264,0.77582,0.88742,1.18476,0.2958
2024-06-05,23.75791,0.85608,0.87137,1.26654,0.31491
2024-06-06,24.89681,1.05482,0.85532,1.14042,0.30192
2024-06-07,22.03198,0.95163,0.87137,1.1496,0.32561
2024-06-08,21.85617,1.28871,0.98067,1.08386,0.35313
2024-06-09,22.22154,1.18399,0.92258,1.13737,0.33173
2024-06-10,20.79142,0.81481,0.8729,1.05787,0.29657
2024-06-11,20.44669,0.86372,0.90347,1.20539,0.34243
2024-06-12,20.02629,0.90347,0.93405,1.27495,0.35084
2024-06-13,20.82352,0.83239,0.85837,1.2138,0.35772
2024-06-14,20.12566,0.8492,0.86372,1.27495,0.39288
2024-06-15,20.23114,1.10221,1.03188,1.21762,0.46396
2024-06-16,19.67698,1.07927,1.04717,1.09074,0.43797
2024-06-17,18.66878,0.84003,0.9929,1.19164,0.43721
2024-06-18,19.18778,0.83621,0.97303,1.2245,0.44944
2024-06-19,17.47714,0.90729,0.97991,1.3361,0.45632
2024-06-20,17.04375,0.8706,1.14654,1.23673,0.40205
2024-06-21,15.9102,0.83315,1.09991,1.23444,0.44868
2024-06-22,19.05249,0.98526,1.22145,1.09762,0.50218
2024-06-23,19.84131,1.0938,1.34374,1.03571,0.49912
2024-06-24,18.85834,0.77506,1.17023,1.22374,0.44791
2024-06-25,18.87745,0.86296,1.22374,1.34909,0.50982
2024-06-26,24.34952,0.8622,1.0915,1.31164,0.58015
2024-06-27,25.23083,0.82016,1.10756,1.29406,0.53581
2024-06-28,25.54422,0.8492,0.97991,1.38043,0.50677
2024-06-29,55.74724,0.91952,0.96003,1.22297,0.55645
2024-06-30,45.8969,1.06017,1.09762,1.16488,0.61301
2024-07-01,38.17302,0.67493,0.98679,1.22221,0.43186
2024-07-02,35.86311,0.70932,1.02348,1.29482,0.48231
2024-07-03,36.08478,0.80258,0.96538,1.304,0.48307
2024-07-04,43.45323,0.81404,1.05711,1.19393,0.4502
2024-07-05,42.90442,0.85226,1.038,1.22145,0.43339
2024-07-06,59.14636,0.96921,0.92564,1.11138,0.50218
2024-07-07,94.38193,1.03341,0.92029,1.038,0.56792
2024-07-08,100,0.75977,0.98755,1.3361,0.46396
2024-07-09,91.98871,0.81633,1.00819,1.47751,0.47849
2024-07-10,61.77194,0.86296,1.00207,1.27572,0.47314
2024-07-11,53.01158,0.89889,0.98984,1.26272,0.41657
2024-07-12,48.58822,0.785,0.93863,1.37355,0.44409
2024-07-13,45.14706,1.01889,0.92182,1.16565,0.47696
2024-07-14,44.66169,1.02348,0.99137,1.19087,0.49836
2024-07-15,37.81682,0.75824,0.90118,1.25355,0.48307
2024-07-16,36.72684,0.74143,0.95545,1.32005,0.47314
2024-07-17,38.35646,1.81688,0.96921,1.31241,0.43492
2024-07-18,37.76638,1.27113,0.9371,1.37508,0.40205
2024-07-19,37.49273,1.15265,0.85379,1.32846,0.39517
2024-07-20,36.94469,1.74656,0.91035,1.17253,0.44333
2024-07-21,37.74956,1.09685,0.90882,1.17941,0.46396
2024-07-22,34.91989,0.78729,1.557,1.21839,0.36689
2024-07-23,33.22301,0.96003,1.00819,1.26425,0.38218
2024-07-24,31.97786,1.00666,1.0594,1.27495,0.34778
2024-07-25,30.38799,0.86755,1.19469,1.22603,0.3409
2024-07-26,29.26743,0.84003,1.10373,2.06912,0.31415
2024-07-27,32.87446,0.97761,1.0036,2.15855,0.3967
2024-07-28,31.06521,1.03723,0.93787,1.74351,0.39211
2024-07-29,29.92478,0.76054,0.88513,1.49585,0.32867
2024-07-30,25.95927,0.84232,0.89812,1.33534,0.81481
2024-07-31,24.70495,0.85608,0.87978,1.32922,0.54804
2024-08-01,29.62668,0.78729,0.8706,1.25966,0.4074
2024-08-02,31.03846,0.85837,0.76818,1.20387,0.36689
2024-08-03,30.77934,0.97838,1.1603,1.16183,0.39058
2024-08-04,32.64362,0.94628,0.83391,0.95086,0.36307
2024-08-05,28.42434,0.71391,0.81939,1.02195,0.30115
2024-08-06,29.3538,0.7934,0.85073,1.20081,0.35084
2024-08-07,28.32956,0.7957,0.92029,1.49127,0.36536
2024-08-08,28.08038,0.79722,0.89965,1.24438,0.35007
2024-08-09,25.48154,0.83544,0.90271,1.16794,0.32791
2024-08-10,25.65352,0.97456,1.05864,1.0701,0.36077
2024-08-11,26.77102,1.0059,0.91723,1.09074,0.40434
2024-08-12,25.08484,0.75595,0.91723,1.11979,0.32561
2024-08-13,25.87825,0.80869,0.92717,1.24591,0.32332
2024-08-14,23.37955,0.80334,0.90729,1.14654,0.32332
2024-08-15,24.99923,1.04411,0.89965,1.08004,0.32408
2024-08-16,21.64979,0.86755,0.95468,1.12055,0.28969
2024-08-17,23.43076,0.95392,0.98602,1.11596,0.31185
2024-08-18,23.89243,0.91035,0.91647,1.77714,0.36918
2024-08-19,21.6368,0.65123,0.99137,1.17711,0.32714
2024-08-20,20.4979,0.7162,0.96844,1.38884,0.31262
2024-08-21,20.10196,0.76894,0.97456,1.32616,0.34319
2024-08-22,19.85813,0.81098,0.98144,1.87268,0.34319
2024-08-23,19.39493,0.83162,0.88283,1.56312,0.34854
2024-08-24,19.59901,0.97761,0.98144,1.35827,0.37683
2024-08-25,18.79719,1.01278,0.91952,1.3017,0.34472
2024-08-26,17.27611,0.76359,0.98602,1.24208,0.32561
2024-08-27,17.70798,0.93481,1.07316,1.39954,0.34702
2024-08-28,17.88837,0.85455,0.95774,1.47139,0.75901
2024-08-29,16.96425,0.79264,0.96921,1.3682,0.55951
2024-08-30,17.94493,0.84309,1.01736,1.29406,0.48078
2024-08-31,18.20481,1.28947,1.17711,1.18934,0.59008
2024-09-01,17.5337,1.08921,1.20692,1.19546,0.36536
2024-09-02,16.33671,0.76283,1.17558,1.3147,0.34319
2024-09-03,16.52169,0.88207,1.00131,1.3705,0.35925
2024-09-04,15.92472,0.73684,0.95086,1.25049,0.34931
2024-09-05,16.03402,0.77582,0.99902,1.50579,0.33096
2024-09-06,15.99581,0.80869,1.00972,1.34833,0.35619
2024-09-07,17.28987,1.00207,1.05252,1.17864,0.38218
2024-09-08,17.91512,1.06169,1.00513,1.23062,0.43186
2024-09-09,15.28648,0.7399,0.97532,1.26196,0.36307
2024-09-10,13.79674,0.73455,0.98373,1.37279,0.29963
2024-09-11,13.98018,0.75671,1.01201,1.42171,0.28128
2024-09-12,13.95114,0.8041,1.0036,1.43012,0.31033
2024-09-13,13.02549,0.76665,0.89659,1.50197,0.32561
2024-09-14,14.84697,0.99672,0.9608,1.23826,0.34396
2024-09-15,14.78276,1.13125,0.9501,1.1259,0.34243
2024-09-16,12.68077,1.16183,0.82321,1.03112,0.34702
2024-09-17,12.63185,1.34527,0.92334,0.95392,0.35237
2024-09-18,11.2323,1.15953,0.87672,1.05329,0.30345
2024-09-19,10.09493,0.81557,0.85608,1.12361,0.31033
2024-09-20,9.72421,0.78805,0.92564,1.25814,0.29122
2024-09-21,10.64909,0.98144,0.93863,1.16183,0.33861
2024-09-22,9.57669,1.03723,0.97838,1.15036,0.35772
2024-09-23,8.80239,0.70703,0.8836,1.22603,0.29657
2024-09-24,8.28874,0.77659,0.98832,1.21533,0.28128
2024-09-25,8.0816,0.81863,0.98679,1.23903,0.34243
2024-09-26,8.18555,0.82551,1.1152,1.26807,0.28587
2024-09-27,7.71623,0.82474,0.98144,1.25355,0.29733
2024-09-28,8.23065,0.98144,0.93175,1.01278,0.27058
2024-09-29,7.95013,1.00055,1.03494,1.03418,0.32944
2024-09-30,6.77989,0.83009,0.98908,1.171,0.373
2024-10-01,7.04971,0.9822,1.02577,1.11979,0.506
2024-10-02,6.41147,0.77964,0.95315,1.10832,0.63442
2024-10-03,6.8311,1.02424,1.03494,1.0487,0.61454
2024-10-04,6.22649,0.83697,0.98908,1.10985,0.50677
2024-10-05,6.5888,0.93252,0.97532,1.05482,0.55492
2024-10-06,6.89684,0.93175,0.99061,1.06475,0.5832
2024-10-07,6.49937,0.66958,1.02348,1.13125,0.5083
2024-10-08,5.93909,0.78652,0.96462,1.09533,0.6497
2024-10-09,6.03922,0.98679,0.99672,1.03494,0.75366
2024-10-10,5.99871,0.80563,1.0273,1.14195,0.60766
2024-10-11,5.47742,0.74372,0.96768,1.13889,0.60002
2024-10-12,5.78469,0.93405,0.9478,1.03036,0.76054
2024-10-13,6.77683,0.96538,1.02042,1.0938,0.62907
2024-10-14,6.15464,0.74219,1.06246,1.2375,0.62677
2024-10-15,5.81297,0.77353,1.00972,1.27724,0.60613
2024-10-16,5.68303,0.8041,1.06475,1.27877,0.64741
2024-10-17,5.49652,0.80716,1.08157,1.32234,0.59926
2024-10-18,5.35818,0.80563,0.94704,1.24285,0.61836
2024-10-19,5.37499,0.96615,1.0273,1.19852,0.69021
2024-10-20,5.36582,0.95621,1.03341,1.15189,0.64435
2024-10-21,4.85828,0.73225,1.0724,1.33992,0.53428
2024-10-22,5.14874,0.69251,1.03265,1.31776,0.53123
2024-10-23,4.87281,0.80793,1.09533,1.24514,0.53123
2024-10-24,4.82389,0.78805,1.06093,1.31623,0.5404
2024-10-25,4.431,0.84003,1.07469,1.3017,0.55034
2024-10-26,4.62133,1.07927,1.08539,1.17941,0.56486
2024-10-27,5.21218,1.12514,1.15571,1.26349,0.58855
2024-10-28,5.76405,0.78652,1.08157,1.25661,0.51976
2024-10-29,5.05625,0.83315,1.14042,1.27724,0.49377
2024-10-30,4.5533,0.83544,1.10832,1.56006,0.47237
2024-10-31,4.18488,0.86296,0.97914,1.41177,0.57862
2024-11-01,4.32399,0.84997,0.94169,1.33075,0.47543
2024-11-02,4.09545,0.93252,0.97074,3.57415,0.48766
2024-11-03,4.04041,0.93557,0.9822,1.38426,0.69021
2024-11-04,4.33546,0.69251,1.00666,1.50273,0.51747
2024-11-05,4.5426,0.79799,1.02806,1.56235,0.52205
2024-11-06,4.38285,0.74678,1.0059,1.54248,0.45785
2024-11-07,4.44706,0.76436,1.05711,1.71217,0.43415
2024-11-08,4.29265,0.81175,1.00055,1.72745,0.43874
2024-11-09,4.08093,0.88207,0.93481,4.20857,0.44868
2024-11-10,4.65267,0.90882,1.01125,2.02403,0.43645
2024-11-11,4.83306,0.64053,1.04641,2.43372,0.43645
2024-11-12,3.73238,0.72996,0.97761,1.65408,0.4074
2024-11-13,3.4702,0.76283,0.94475,1.58528,0.41734
2024-11-14,3.23325,0.76206,0.94016,1.37126,0.41275
2024-11-15,2.96954,0.7162,0.99214,1.3147,0.38065
2024-11-16,3.03069,0.99596,0.93252,1.38502,0.38218
2024-11-17,3.59785,0.8943,0.94475,1.19928,0.41352
2024-11-18,3.37848,0.71926,0.97914,1.26807,0.34854
2024-11-19,3.66358,0.72002,1.03494,1.39266,0.3623
2024-11-20,3.00165,0.69327,1.07087,1.31852,0.35466
2024-11-21,3.37618,0.70244,1.08998,1.35827,0.33631
2024-11-22,2.65157,0.74143,1.05482,1.22909,0.34702
2024-11-23,2.66533,0.89353,0.99672,1.16488,0.35389
2024-11-24,3.13235,0.88054,0.97303,1.07775,0.41046
2024-11-25,2.42914,0.61913,1.00972,1.05634,0.35695
2024-11-26,2.61946,0.67263,1.0808,1.2268,0.3753
2024-11-27,2.40086,0.65811,0.95239,1.09991,0.32256
2024-11-28,7.02219,0.60613,0.97991,1.19087,0.32256
2024-11-29,2.66609,0.67722,1.02806,1.18934,0.33402
2024-11-30,2.54685,0.79111,1.00207,1.09227,0.36383
2024-12-01,2.68138,0.8278,1.07927,0.98602,0.35925
2024-12-02,2.58889,0.60308,1.1152,1.07927,0.3753
2024-12-03,2.33818,0.62754,1.07316,1.0594,0.36383
2024-12-04,1.93612,0.58779,0.99214,1.00972,0.27899
2024-12-05,2.03396,0.63747,1.07392,1.14042,0.32256
2024-12-06,2.2304,0.71315,1.03953,1.22068,0.30803
2024-12-07,2.91527,0.77735,0.92946,1.14042,0.32332
2024-12-08,3.24471,0.79493,1.0487,1.05329,0.39364
2024-12-09,2.94279,0.60002,1.09456,1.19622,0.30574
2024-12-10,2.89158,0.73225,1.12896,1.19164,0.32179
2024-12-11,2.66074,0.71926,1.13889,1.18781,0.33937
2024-12-12,2.73794,0.76206,1.10603,1.21992,0.32103
2024-12-13,2.76775,0.74296,1.07469,1.2161,0.33326
2024-12-14,2.71195,0.905,1.11902,1.04564,0.32791
2024-12-15,2.75629,0.8729,1.15189,1.04259,0.38753
2024-12-16,2.88699,0.74831,1.22985,1.17329,0.36918
2024-12-17,2.95196,0.88895,1.12208,1.18629,0.40664
2024-12-18,2.95884,0.7376,1.20692,1.13049,0.35695
2024-12-19,2.81056,0.75901,1.23291,1.25278,0.35695
2024-12-20,2.0011,0.81939,1.27266,1.29406,0.37377
2024-12-21,2.342,0.89201,1.43165,1.16718,0.38906
2024-12-22,2.48799,0.91341,1.48974,2.15091,0.3753
2024-12-23,2.15091,0.70932,1.47751,1.79778,0.43262
2024-12-24,2.21588,0.78958,1.75879,1.66554,0.70856
2024-12-25,2.06377,1.03188,1.62885,1.4347,0.63824
2024-12-26,1.57382,0.6948,1.14501,1.36897,0.39364
2024-12-27,1.70911,0.7376,1.12284,1.36438,0.35619
2024-12-28,2.3741,0.89353,2.06912,1.28489,0.41428
2024-12-29,1.72363,0.91341,1.54401,1.12361,0.48231
2024-12-30,1.65025,0.72155,1.37967,1.24514,0.2981
2024-12-31,1.6449,0.82856,1.44005,1.19699,0.36765
2025-01-01,1.86427,0.99061,1.30323,1.12667,0.3646
2025-01-02,1.59216,0.65888,1.14883,1.18017,0.33479
2025-01-03,1.64796,0.70703,1.18093,1.21074,0.32714
2025-01-04,1.78631,0.93175,1.15189,1.22756,0.39746
2025-01-05,1.823,0.80181,1.0487,1.171,0.32332
2025-01-06,1.48286,0.57327,1.13049,1.18858,0.31033
2025-01-07,1.74198,0.66423,1.13813,1.60439,0.28892
2025-01-08,1.79013,0.67263,1.07087,1.50885,0.31338
2025-01-09,4.30336,0.62907,1.14577,1.35597,0.27899
2025-01-10,2.50099,0.67263,1.15495,1.36667,0.28052
2025-01-11,2.05307,0.94245,1.19928,1.52719,0.32026
2025-01-12,2.39933,0.94322,1.20387,1.34833,0.41963
2025-01-13,1.9323,0.63136,1.17711,1.24973,0.26217
2025-01-14,1.943,0.7185,1.25966,1.40871,0.28434
2025-01-15,1.80313,0.6841,1.24438,1.35292,0.31415
2025-01-16,2.06607,0.7185,1.18629,1.38502,0.2981
2025-01-17,2.09129,0.74219,1.20234,1.25355,0.28357
2025-01-18,2.28085,0.88818,1.18934,1.47063,0.31109
2025-01-19,2.16926,0.86372,1.20692,1.35827,0.33784
2025-01-20,2.08365,0.65964,1.1259,1.29941,0.26446
2025-01-21,2.11881,0.67722,1.15724,1.34909,0.28587
2025-01-22,2.12186,0.69862,1.15877,1.32158,0.26294
2025-01-23,1.95676,0.68716,1.0831,1.44235,0.30039
2025-01-24,1.82529,0.73225,1.11826,1.38655,0.30115
2025-01-25,2.01256,0.82092,0.98832,1.31317,0.29963
2025-01-26,2.10428,0.90576,1.02883,1.23138,0.31415
2025-01-27,1.93154,0.8171,1.05482,1.13584,0.2981
2025-01-28,1.92925,0.85608,0.96997,1.03571,0.30345
2025-01-29,2.2327,0.97761,0.94857,0.97226,0.24383
2025-01-30,2.27015,0.96386,1.10373,1.05787,0.32179
2025-01-31,1.91014,0.7292,0.97074,1.10908,0.2744
2025-02-01,2.09817,0.82398,1.12437,1.09915,0.32103
2025-02-02,2.27932,0.83315,1.27724,1.16794,0.28281
2025-02-03,2.50787,0.56792,1.04411,1.09609,0.28434
2025-02-04,2.85336,0.63289,1.11291,1.21227,0.29504
2025-02-05,2.97336,0.62907,1.16335,1.21686,0.32332
2025-02-06,3.29669,0.63518,1.08539,1.3812,0.25453
2025-02-07,3.57721,0.63289,1.1259,1.23979,0.36612
2025-02-08,3.37389,0.79722,1.13125,1.25202,0.3646
2025-02-09,4.00373,0.84385,1.171,1.2375,0.35466
2025-02-10,5.29932,0.59238,1.23673,1.37432,0.32179
2025-02-11,5.08377,0.66881,1.18246,1.46681,0.3195
2025-02-12,4.54031,0.63365,1.39343,1.43088,0.35313
2025-02-13,4.64808,0.66346,1.30629,1.60363,0.35466
2025-02-14,5.54697,0.67493,1.26807,1.78019,0.41275
2025-02-15,3.38306,0.76818,1.14272,1.40336,0.34472
2025-02-16,2.85107,0.82398,1.15189,1.25737,0.35619
2025-02-17,2.36417,0.63671,1.14577,1.39113,0.3195
2025-02-18,2.44519,0.63059,1.19469,1.70529,0.31873
2025-02-19,2.31678,0.63059,1.11596,1.47292,0.30574
2025-02-20,2.29079,0.70015,1.158,1.54171,0.32791
2025-02-21,2.31754,0.70397,1.40184,1.49585,0.33249
2025-02-22,3.72932,0.86525,1.40031,1.39266,0.32867
2025-02-23,2.9833,0.85226,1.31393,1.30094,0.32944
2025-02-24,2.209,0.65352,1.17329,1.33763,0.29427
2025-02-25,2.01485,0.772,1.19087,1.32693,0.30039
2025-02-26,2.13257,0.70397,1.19622,1.34298,0.28434
2025-02-27,1.94453,0.7185,1.14807,1.35292,0.27822
2025-02-28,1.83217,0.7292,1.1603,1.3361,0.28204
2025-03-01,1.84058,1.12819,1.17941,1.23062,0.32867
2025-03-02,2.05078,1.02577,1.19393,1.18323,0.8492
2025-03-03,1.98046,0.96921,1.14883,1.17941,0.73073
2025-03-04,1.7328,0.58855,1.01201,1.09533,0.4311
2025-03-05,1.73586,0.62983,0.97074,1.21915,0.4418
2025-03-06,1.71293,0.64435,1.05176,1.24438,0.3623
2025-03-07,1.80848,0.66575,1.05864,1.33075,0.37224
2025-03-08,1.99192,0.86143,1.16794,1.304,0.40434
2025-03-09,2.36723,0.8836,1.14577,1.34833,0.50982
2025-03-10,2.57207,0.61301,1.02271,1.41712,0.34243
2025-03-11,2.60418,0.72308,1.15342,1.41559,0.41657
2025-03-12,2.42302,0.76436,1.14807,1.35139,0.38294
2025-03-13,2.53386,0.70856,1.171,1.48744,0.37759
2025-03-14,2.81743,0.73378,1.20387,1.7114,0.43721
2025-03-15,1.91625,0.88513,1.09915,1.33381,0.43262
2025-03-16,2.03014,0.87595,1.20157,1.30476,0.42957
2025-03-17,1.7779,0.60308,1.05023,1.36897,0.27058
2025-03-18,1.61662,0.61607,1.13278,1.35903,0.34166
2025-03-19,1.62885,0.66575,1.10068,1.36362,0.34319
2025-03-20,1.57917,0.67798,1.16718,1.31317,0.59696
2025-03-21,1.43852,0.74754,1.06246,1.2826,0.29657
2025-03-22,1.38731,0.8599,1.08845,1.14654,0.32791
2025-03-23,1.54019,0.9264,1.1045,1.11596,0.35772
2025-03-24,1.47369,0.63824,1.1045,1.18552,0.29963
2025-03-25,1.41177,0.81098,1.10297,1.18781,0.34319
2025-03-26,1.23979,0.70397,1.02653,1.18323,0.26523
2025-03-27,1.24514,0.68028,1.11826,1.22909,0.30039
2025-03-28,1.25508,0.73455,1.16718,1.25508,0.3302
2025-03-29,1.37738,0.78958,1.06017,1.18858,0.40511
2025-03-30,1.46528,0.81633,1.12896,1.20616,0.3516
2025-03-31,1.24361,0.59773,1.02271,1.22221,0.27822
2025-04-01,1.19316,0.65658,1.00284,1.14425,0.30574
2025-04-02,1.2352,0.66575,1.13202,1.18629,0.27211
2025-04-03,1.24667,0.66193,1.02042,1.30247,0.27134
2025-04-04,1.27113,0.69327,1.08692,1.27266,0.29657
2025-04-05,1.4133,0.82245,1.10603,1.22145,0.33326
2025-04-06,1.36515,0.88742,1.07851,1.158,0.29275
2025-04-07,1.2375,0.6413,1.10832,1.22756,0.24994
2025-04-08,1.16412,0.64817,1.14042,1.21992,0.25682
2025-04-09,1.25202,0.68257,1.15571,1.31928,0.3088
2025-04-10,1.25126,0.69939,1.02959,1.25126,0.25759
2025-04-11,1.23597,0.77124,1.02042,1.33151,0.26294
2025-04-12,1.4798,0.76818,1.19928,1.28947,0.32408
2025-04-13,1.54324,0.76206,1.34986,1.31928,0.33937
2025-04-14,1.50273,0.6283,1.11749,1.31928,0.2981
2025-04-15,1.43241,0.67416,1.1473,1.36209,0.29351
2025-04-16,1.42171,0.72537,1.10221,1.34527,0.27593
2025-04-17,1.26043,0.64053,1.09762,1.38655,0.27975
2025-04-18,1.31317,0.77964,1.11367,1.27724,0.23924
2025-04-19,1.43929,0.8492,1.03418,1.23979,0.27211
2025-04-20,1.61204,0.81786,1.02653,1.30094,0.26294
2025-04-21,1.90249,0.6734,0.99596,1.36209,0.25376
2025-04-22,1.39801,0.66117,1.00742,1.35062,0.2423
2025-04-23,1.43929,1.04411,1.03112,1.32387,0.2293
2025-04-24,1.35292,0.80945,1.05023,1.32999,0.26064
2025-04-25,1.7672,0.76665,1.13507,1.35139,0.25835
2025-04-26,1.56235,0.86908,0.93022,1.23903,0.28663
2025-04-27,1.60592,0.80869,1.04259,1.17635,0.2744
2025-04-28,1.56694,0.61531,0.99672,1.26578,0.24918
2025-04-29,1.4454,0.64817,1.0059,1.26043,0.2209
2025-04-30,1.30705,0.77506,1.05176,1.26501,0.24306
2025-05-01,1.4691,0.70856,0.96768,1.17329,0.25759
2025-05-02,1.39343,0.69709,1.05864,1.18705,0.26064
2025-05-03,1.51955,0.83009,1.02195,1.18858,0.28587
2025-05-04,1.3812,1.02806,0.9608,1.14425,0.28204
2025-05-05,1.54554,0.94016,1.06628,1.1366,0.33479
2025-05-06,1.61891,0.94475,1.10144,1.17941,0.42116
2025-05-07,1.3789,0.53963,1.05099,1.24514,0.29045
2025-05-08,1.44158,0.72079,1.12131,1.20463,0.32332
2025-05-09,1.40795,0.63671,1.06246,1.32846,0.30956
2025-05-10,1.63114,0.78652,1.16641,1.32311,0.50524
2025-05-11,1.49891,0.79722,1.18399,1.28183,0.33173
2025-05-12,1.39266,0.57862,1.19087,1.28412,0.28204
2025-05-13,1.53178,0.64053,1.16183,1.34298,0.2316
2025-05-14,1.30094,0.70856,1.22068,1.52719,0.29275
2025-05-15,1.40795,0.70244,1.39954,1.70299,0.29886
2025-05-16,1.43088,0.64894,1.11673,1.54401,0.28892
2025-05-17,1.39496,0.81481,1.11749,1.33686,0.25376
2025-05-18,1.54095,0.83086,1.10832,1.21992,0.28663
2025-05-19,1.49662,0.52435,1.06246,1.2696,0.23236
2025-05-20,1.29482,0.63594,1.18705,1.27724,0.25759
2025-05-21,1.33381,0.66881,1.08004,1.24743,0.25529
2025-05-22,1.31317,0.60002,1.09074,1.25814,0.24612
2025-05-23,1.24056,0.63977,1.71981,1.25431,0.27058
2025-05-24,1.37355,0.76054,2.51398,1.20845,0.30498
2025-05-25,1.30094,0.77659,2.13639,1.17176,0.27669
2025-05-26,1.26043,0.54575,1.61815,1.17329,0.28052
2025-05-27,1.16718,0.68028,1.43623,1.36591,0.27211
2025-05-28,1.27954,0.62448,1.37279,1.23215,0.24994
2025-05-29,1.20387,0.63824,1.34451,1.24361,0.25682
2025-05-30,1.14348,0.67187,1.31928,1.1045,0.23007
2025-05-31,1.18705,0.7376,1.36591,1.10526,0.26064
2025-06-01,1.2933,0.75901,1.25737,1.00666,0.2851
2025-06-02,1.57993,0.60919,1.28718,1.04029,0.25376
2025-06-03,1.83599,0.8064,1.33992,1.01736,0.24918
2025-06-04,1.21304,0.60461,1.02806,1.03188,0.22548
2025-06-05,1.30935,0.57556,1.07698,1.07163,0.24077
2025-06-06,1.40413,0.73073,1.19928,1.0831,0.27058
2025-06-07,1.39266,0.78805,1.27342,1.03723,0.26752
2025-06-08,1.47521,0.75977,1.32234,0.99978,0.28128
2025-06-09,1.31546,0.54422,1.55165,1.00284,0.21249
2025-06-10,1.5249,0.55951,1.23979,1.09303,0.21478
2025-06-11,1.44617,0.62448,1.17329,1.17558,0.2874
2025-06-12,1.48362,0.58244,1.25584,1.14348,0.22166
2025-06-13,1.45228,0.63212,1.4691,1.171,0.21784
2025-06-14,1.48668,0.71467,1.58223,1.07316,0.24612
2025-06-15,1.48286,0.70932,1.64796,1.01583,0.28281
2025-06-16,1.39113,0.55034,1.23138,1.16871,0.24306
2025-06-17,1.51573,0.60919,1.26731,1.25049,0.42345
2025-06-18,1.39954,0.58397,1.2826,1.18552,0.24994
2025-06-19,1.39801,0.6413,1.25355,1.16259,0.24688
2025-06-20,1.46146,0.55722,1.18246,1.10526,0.2637
2025-06-21,1.60898,0.70397,1.26884,1.09303,0.27899
2025-06-22,1.59675,0.73225,1.23368,1.12437,0.27899
2025-06-23,1.34069,0.51747,1.73739,1.07851,0.2209
2025-06-24,1.45687,0.54269,1.2589,1.19469,0.25835
2025-06-25,1.424,0.59696,1.2826,1.12284,0.23771
2025-06-26,1.47751,0.58091,1.2245,1.17864,0.22166
2025-06-27,1.39343,0.62754,1.21686,1.14119,0.19491
2025-06-28,1.52643,0.68181,1.1817,1.00819,0.20408
2025-06-29,1.85128,0.71391,1.44693,1.03723,0.24994
2025-06-30,1.54019,0.53734,1.12819,1.0594,0.21096
2025-07-01,1.55165,0.50906,1.13202,1.19699,0.22242
2025-07-02,1.47674,0.5748,1.11826,1.18093,0.18879
2025-07-03,1.59904,0.57327,1.1473,1.21227,0.23618
2025-07-04,1.51802,0.56104,1.06628,1.23368,0.20408
2025-07-05,1.51878,0.72996,1.10526,1.18858,0.21707
2025-07-06,1.61662,0.70932,1.24208,1.15418,0.23236
2025-07-07,1.57305,0.49759,1.01813,2.56443,0.23542
2025-07-08,1.64567,0.55339,1.08004,1.20922,0.23083
2025-07-09,1.53483,0.6069,1.03647,1.16565,0.20943
2025-07-10,1.72287,0.60078,1.06017,1.13431,0.21096
2025-07-11,1.43852,0.56792,1.15877,1.16718,0.3516
2025-07-12,1.57458,0.7162,1.13584,1.04182,0.42192
2025-07-13,1.61204,0.66193,1.35903,1.04106,0.42422
2025-07-14,1.56617,0.49224,1.17406,1.08845,0.23542
2025-07-15,1.60133,0.54499,1.19469,1.18552,0.29427
2025-07-16,1.74351,0.56486,1.2589,1.27419,0.2293
2025-07-17,1.89179,0.53123,1.16335,1.24591,0.24994
2025-07-18,1.72057,0.60843,1.17558,1.21533,0.24918
2025-07-19,1.68847,0.65658,1.21992,1.12284,0.35313
2025-07-20,1.64949,0.74372,1.2031,1.13278,0.24077
2025-07-21,1.55394,0.55645,1.20769,0.96003,0.22242
2025-07-22,1.63726,0.5832,1.09609,1.10221,0.19567
2025-07-23,1.46986,0.59085,1.06246,1.10756,0.22625
2025-07-24,1.57076,0.60537,1.00513,1.12055,0.24
2025-07-25,1.44846,0.62142,1.04641,1.07163,0.22242
2025-07-26,1.42782,0.72079,1.04335,0.94857,0.25911
2025-07-27,1.52337,0.69556,1.05482,1.05864,0.23542
2025-07-28,1.51267,0.52129,1.01813,1.02806,0.21784
2025-07-29,1.56541,0.60002,1.09456,1.15342,0.24153
2025-07-30,1.50502,0.60231,1.0143,1.08539,0.22166
2025-07-31,1.67242,0.66652,1.06169,1.08921,0.22242
2025-08-01,1.5807,0.62754,1.13507,1.08386,0.24153
2025-08-02,1.61509,0.73837,1.17941,0.99978,0.27593
2025-08-03,2.38098,0.71009,1.27113,0.97685,0.27287
2025-08-04,1.89332,0.6734,1.21992,1.17558,0.23542
2025-08-05,1.77102,0.6497,1.29024,1.11444,0.26064
2025-08-06,2.32748,0.5962,1.27419,1.19087,0.29504
2025-08-07,2.06377,0.64053,1.30782,1.0831,0.25376
2025-08-08,1.91243,0.66575,1.16947,1.17023,0.20332
2025-08-09,1.91319,0.82856,1.28947,1.14348,0.27058
2025-08-10,2.26557,0.73149,1.291,1.14501,0.2874
2025-08-11,2.37258,0.57938,1.19775,1.2589,0.23695
2025-08-12,2.38633,0.58167,1.27266,1.15342,0.24688
2025-08-13,2.32748,0.64206,1.20539,1.21839,0.24383
2025-08-14,2.40774,0.66499,1.20387,1.24132,0.31262
2025-08-15,2.30455,0.84309,1.21762,1.09762,0.52129
2025-08-16,2.0225,0.90118,1.33992,1.22603,0.41581
2025-08-17,2.38786,0.75213,1.23138,1.0701,0.33249
2025-08-18,2.38098,0.519,1.18934,1.11214,0.23007
2025-08-19,2.31448,0.56409,1.21686,1.17329,0.28357
2025-08-20,2.13945,0.61684,1.21304,1.24438,0.26599
2025-08-21,4.32323,0.61378,1.22068,1.28871,0.25759
2025-08-22,4.22998,0.62754,1.17864,1.21915,0.24536
2025-08-23,5.81832,0.72002,1.18476,1.12743,0.28969
2025-08-24,4.65343,0.75213,1.28718,1.18934,0.27058
2025-08-25,3.58944,0.60308,1.17635,1.20692,0.23695
2025-08-26,4.43024,0.58091,1.25126,1.22756,0.26294
2025-08-27,3.32879,0.61531,1.27037,1.26578,0.25147
2025-08-28,3.85085,1.07316,1.28947,1.32311,0.24383
2025-08-29,3.69874,0.74448,1.28565,1.17329,0.24383
2025-08-30,3.47249,0.80181,1.26196,1.13966,0.29045
2025-08-31,4.33775,0.76054,1.24591,1.01048,0.3088
2025-09-01,4.08551,0.55798,1.18781,1.15571,0.28128
2025-09-02,3.792,0.58703,1.29253,1.22756,0.26752
2025-09-03,3.35096,0.58932,1.25508,1.11138,0.27822
2025-09-04,3.69951,0.57785,1.24056,1.28718,0.23465
2025-09-05,4.03583,0.63977,1.27419,1.24591,0.26217
2025-09-06,3.50154,0.65735,1.29177,1.10679,0.31873
2025-09-07,3.80117,0.68869,1.40566,1.18399,0.34014
2025-09-08,3.51988,0.59467,1.30094,1.22297,0.32332
2025-09-09,3.82869,0.57021,1.24896,1.32081,0.27287
2025-09-10,3.54129,0.5855,1.31393,1.4691,0.26523
2025-09-11,3.25541,0.58932,1.25966,1.45611,0.25147
2025-09-12,3.39529,0.63212,1.2245,1.2803,0.24459
2025-09-13,3.02381,0.76818,1.34145,1.30705,0.32485
2025-09-14,3.04063,0.72155,1.23673,1.27495,0.27364
2025-09-15,4.53572,0.61531,1.18399,1.39572,0.23465
2025-09-16,5.39257,0.60766,1.19622,1.36362,0.21478
2025-09-17,4.90262,0.6283,1.20387,1.57382,0.22472
2025-09-18,4.17953,0.60231,1.17788,1.61204,0.2637
2025-09-19,3.86079,0.61684,1.20692,1.42171,0.23007
2025-09-20,3.59403,0.69098,1.24667,1.38273,0.27746
2025-09-21,3.86614,0.73531,1.18629,1.26196,0.24688
2025-09-22,4.3454,0.54116,1.18705,1.29788,0.23236
2025-09-23,4.29113,0.60613,1.25737,1.33916,0.23007
2025-09-24,4.21698,0.57097,1.22297,1.39113,0.24153
2025-09-25,4.18488,0.60996,1.1817,1.42859,0.23542
2025-09-26,3.64906,0.59696,1.11367,1.44082,0.22472
2025-09-27,3.14152,0.69174,1.20463,1.27189,0.22166
2025-09-28,3.96245,0.6734,1.24591,1.27572,0.24841
2025-09-29,3.79353,0.52741,1.14119,1.36132,0.22242
2025-09-30,3.82639,0.62371,1.1496,1.34909,0.2293
2025-10-01,3.63148,0.56486,1.13125,1.43776,0.22854
2025-10-02,3.45262,0.60384,1.13278,1.40871,0.21784
2025-10-03,3.74002,0.69404,1.20692,1.27877,0.26217
2025-10-04,3.77518,0.77047,1.16259,1.17406,0.21478
2025-10-05,3.88831,0.76894,1.171,1.12131,0.21019
2025-10-06,4.25902,0.89583,1.08615,1.10373,0.23389
2025-10-07,4.47992,0.97761,1.26884,1.09609,0.27364
2025-10-08,4.21851,0.88054,1.22985,1.23444,0.253
2025-10-09,4.09698,0.78117,1.21686,1.20004,0.27822
2025-10-10,4.86745,0.58473,1.21151,1.16412,0.25147
2025-10-11,5.07842,0.72308,1.27113,1.18552,0.33096
2025-10-12,5.08683,0.67111,1.23826,1.20081,0.36689
2025-10-13,5.67921,0.45861,1.18629,1.20845,0.2637
2025-10-14,5.75947,0.55569,1.2031,1.23826,0.25759
2025-10-15,5.93221,0.57632,1.13125,1.19393,0.25147
2025-10-16,6.29299,0.5962,1.2352,1.25966,0.25606
2025-10-17,6.08661,0.61148,1.08615,1.2161,0.27593
2025-10-18,5.93145,0.73073,1.22145,1.19775,0.26905
2025-10-19,6.3893,0.68104,1.25508,1.20692,0.24918
2025-10-20,6.35108,0.52358,1.11138,1.24361,0.26294
2025-10-21,6.59491,0.58167,1.11826,1.23062,0.30574
2025-10-22,6.19592,0.56792,1.17482,1.22985,0.26217
2025-10-23,6.31134,0.57097,1.21686,1.38961,0.26599
2025-10-24,6.01323,0.60308,1.14195,1.30094,0.26905
2025-10-25,6.17528,0.74831,1.12819,1.20539,0.32867
2025-10-26,7.05353,0.67722,1.16106,1.25508,0.32561
2025-10-27,7.54196,0.54193,1.20387,1.27648,0.24077
2025-10-28,7.29278,0.57174,1.25278,1.41254,0.29504
2025-10-29,7.70095,0.59926,1.17482,1.37738,0.23313
2025-10-30,7.47852,0.53123,1.14883,1.57305,0.26294
2025-10-31,6.81964,0.54651,1.13966,1.41177,0.28969
2025-11-01,7.04742,0.67569,1.21304,1.28412,0.27899
